Modifier,Subgroup,Outcome,N_Total,N_Control,N_Mens,N_Womens,Conv_Control,Conv_Mens,Conv_Womens,Mean_Control,Mean_Mens,Mean_Womens,ATE_Mens_vs_Ctrl,SE_Mens_vs_Ctrl,CI_Low_Mens_vs_Ctrl,CI_High_Mens_vs_Ctrl,P_Mens_vs_Ctrl,ATE_Womens_vs_Ctrl,SE_Womens_vs_Ctrl,CI_Low_Womens_vs_Ctrl,CI_High_Womens_vs_Ctrl,P_Womens_vs_Ctrl,ATE_Mens_vs_Womens,SE_Mens_vs_Womens,CI_Low_Mens_vs_Womens,CI_High_Mens_vs_Womens,P_Mens_vs_Womens,Metric_Unit
purchase_history,Mens-only,visit,28818,9638,9558,9622,53,110,59,9.98132392612575,16.89684034316802,11.08917065059239,6.915516417043239,0.49008874783419,5.95496207483812,7.876070759248351,3.2612327192097684e-45,1.10784672446668,0.44241834344478,0.24072446804864,1.97496898088473,0.012277356600493,5.8076696925765505,0.49943132551785,4.8288042718145805,6.78653511333852,2.95014809824585e-31,percentage points (pp)
purchase_history,Mens-only,conversion,28818,9638,9558,9622,53,110,59,0.54990661963062,1.1508683825068,0.6131781334441899,0.6009617628762499,0.13259041717219,0.34108984883543,0.86083367691707,5.829863494370714e-06,0.06327151381356,0.10959160758785,-0.15152365339433,0.27806668102146,0.5637104439817764,0.5376902490626899,0.13505449423897,0.2729888425340699,0.8023916555913,6.854409493627847e-05,percentage points (pp)
purchase_history,Mens-only,spend,28818,9638,9558,9622,53,110,59,0.6954264370201286,1.3781617493199416,0.9737809187279152,0.6827353122999105,0.2222418245060939,0.2471502259409466,1.1183203986588743,0.0021260271515254,0.2783544817077959,0.2050737607653001,-0.1235818864417617,0.6802908498573537,0.1746737246787111,0.4043808305921145,0.2430188196202899,-0.0719263351108689,0.880687996295098,0.0961144730905368,dollars ($)
purchase_history,Both,visit,6448,2149,2181,2118,20,53,31,18.05490926012098,31.49931224209078,25.165250236071767,13.44440298196989,1.29589430945271,10.90450197121495,15.98430399272483,3.235178378203498e-25,7.110340975950829,1.25662391470834,4.64740836807907,9.57327358382259,1.5288974066118357e-08,6.3340620060190505,1.3712160545141,3.6465333878136,9.02159062422451,3.850318269051453e-06,percentage points (pp)
purchase_history,Both,conversion,6448,2149,2181,2118,20,53,31,0.93066542577943,2.43007794589637,1.46364494806421,1.49941252011695,0.38955915389355,0.7358921608517399,2.26293287938216,0.0001186018316465,0.53297952228478,0.33331931199319,-0.1203129964493899,1.18627204101896,0.1098193077608095,0.96643299783217,0.42067856542705,0.14191983673775,1.79094615892658,0.0216005601914417,percentage points (pp)
purchase_history,Both,spend,6448,2149,2181,2118,20,53,31,1.1801442531409958,3.005130674002751,1.342025495750708,1.8249864208617643,0.6812026590307174,0.4898564572679194,3.160116384455609,0.0073827989800914,0.1618812426097139,0.4976862428377666,-0.8135638859025951,1.137326371122023,0.7449785002591224,1.6631051782520505,0.6793408898780114,0.331624207726743,2.9945861487773575,0.0143605486106451,dollars ($)
purchase_history,Womens-only,visit,28734,9519,9568,9647,49,104,99,9.580838323353287,16.63879598662207,16.979371825437962,7.05795766326892,0.4858204401395899,6.10576903341292,8.01014629312492,8.063863580298852e-48,7.3985335020848,0.48700912691556,6.44401509369536,8.35305191047423,4.009093923680603e-52,-0.34057583881587,0.53958135390573,-1.39813370921694,0.7169820315852,0.5279193481286315,percentage points (pp)
purchase_history,Womens-only,conversion,28734,9519,9568,9647,49,104,99,0.51475995377665,1.0869565217391302,1.02622576966932,0.57219656796248,0.1289193666084,0.31951976618467,0.82487336974029,9.062729444716051e-06,0.51146581589267,0.12614194695372,0.26423264554125,0.7586989862441,5.020198189623733e-05,0.0607307520698,0.1475465535398299,-0.2284545910061199,0.34991609514573,0.6806296970734561,percentage points (pp)
purchase_history,Womens-only,spend,28734,9519,9568,9647,49,104,99,0.4905641348881185,1.106294941471572,1.122212086659065,0.6157308065834656,0.1765701201490667,0.2696604338961006,0.9618011792708304,0.0004881528805083,0.6316479517709579,0.1717031254569505,0.2951166940003531,0.9681792095415628,0.000234406209434,-0.0159171451874923,0.2084805789416741,-0.424530740690016,0.3926964503150314,0.9391419718595644,dollars ($)
newbie,0,visit,31856,10611,10621,10624,82,148,92,13.372914899632448,21.15619998116938,17.3851656626506,7.783285081536929,0.5160192813829201,6.771907930797651,8.79466223227621,2.085078050648857e-51,4.01225076301809,0.4943808463701999,3.04328407936634,4.981217446669841,4.829593219662201e-16,3.77103431851884,0.5406450078916399,2.71139172885152,4.830676908186151,3.057284384903866e-12,percentage points (pp)
newbie,0,conversion,31856,10611,10621,10624,82,148,92,0.7727829610781201,1.39346577535072,0.86596385542168,0.62068281427259,0.14201216696764,0.34234464750268,0.8990209810425001,1.2388786186619257e-05,0.09318089434355,0.1237331040504,-0.14933104027108,0.3356928289582,0.4514019957074316,0.5275019199290301,0.14498785469458,0.24333152424183,0.81167231561624,0.0002744979522093,percentage points (pp)
newbie,0,spend,31856,10611,10621,10624,82,148,92,0.9353501083780982,1.5133170134638925,1.0493072289156626,0.5779669050857956,0.2226539725607738,0.1415740250255812,1.01435978514601,0.0094368853531595,0.1139571205375629,0.1986994586714418,-0.2754858704801162,0.503400111555242,0.5662960440589098,0.4640097845482327,0.2276163973938946,0.017890750312095,0.9101288187843704,0.0414939162683623,dollars ($)
newbie,1,visit,32144,10695,10686,10763,40,119,97,7.88218793828892,15.412689500280742,12.923905974170772,7.5305015619928595,0.4358079368897999,6.67633543800631,8.38466768597941,6.723881278475462e-67,5.041718035882,0.4153086017764399,4.227729788744241,5.85570628301977,6.507141862576882e-34,2.48878352611085,0.4760285796801999,1.55578655108084,3.4217805011408697,1.7114709087020324e-07,percentage points (pp)
newbie,1,conversion,32144,10695,10686,10763,40,119,97,0.3740065451145299,1.11360658805914,0.90123571494936,0.7396000429447,0.1174378405822,0.50942657291721,0.9697735129722,3.0189950949121206e-10,0.52722916983484,0.10855475316548,0.31446619582061,0.73999214384906,1.1929551452201624e-06,0.2123708731098599,0.13640597872128,-0.05497938894469,0.47972113516442,0.1194935247151614,percentage points (pp)
newbie,1,spend,32144,10695,10686,10763,40,119,97,0.3724478728377746,1.3324677147669848,1.1047356684939145,0.9600198419293456,0.1868602603004807,0.5937812061508154,1.3262584777078756,2.7821736684049193e-07,0.7322877956561636,0.1689337029791191,0.4011844951652092,1.063391096147118,1.4591633732828814e-05,0.2277320462731819,0.2238644904028697,-0.2110334003368266,0.6664974928831904,0.3090219954919778,dollars ($)
channel,Phone,visit,28021,9327,9240,9454,50,100,67,8.71662914120296,16.27705627705627,13.17960651576052,7.56042713585266,0.48254023105734,6.614667584589499,8.50618668711582,2.5044119273907495e-55,4.46297737455758,0.45429936381928,3.57256879344633,5.353385955668831,8.886603174246795e-23,3.09744976129507,0.51824420391435,2.08171185139109,4.113187671199061,2.27542267175597e-09,percentage points (pp)
channel,Phone,conversion,28021,9327,9240,9454,50,100,67,0.53607805296451,1.08225108225108,0.7086947323884,0.54617302928652,0.13155390428526,0.28833263904358,0.80401341952946,3.300071755762153e-05,0.17261667942389,0.11472880876803,-0.0522471966091,0.3974805554569,0.1324365574213644,0.37355634986262,0.13796054945986,0.10315919134326,0.64395350838198,0.0067750391356488,percentage points (pp)
channel,Phone,spend,28021,9327,9240,9454,50,100,67,0.6444526643079231,1.2085270562770565,0.8769261688174319,0.564074391969086,0.2055830783077342,0.1611397818090593,0.9670090021291128,0.0060736538745792,0.2324735045095137,0.1794380848338264,-0.1192179642413927,0.5841649732604202,0.1951257740267963,0.3316008874595723,0.2125687240870589,-0.0850253090020996,0.7482270839212442,0.1187669097069428,dollars ($)
channel,Web,visit,28217,9373,9490,9354,54,123,86,11.88520217646431,19.441517386722857,16.452854393842202,7.5563152102594495,0.5261417269655699,6.525098471076,8.5875319494429,8.992918462329308e-47,4.56765221737838,0.50866400932296,3.57069110566574,5.56461332909102,2.714962713113871e-19,2.98866299288107,0.55861694904451,1.89379611743179,4.08352986833034,8.790003235347142e-08,percentage points (pp)
channel,Web,conversion,28217,9373,9490,9354,54,123,86,0.5761229062199901,1.29610115911485,0.91939277314517,0.71997825289494,0.13998530880319,0.44561264705303,0.99434385873685,2.7003809649786085e-07,0.34326986692522,0.12590910973038,0.09649304821806,0.59004668563238,0.0064042804179477,0.37670838596972,0.15239410031216,0.07802204512188,0.67539472681755,0.0134383761217814,percentage points (pp)
channel,Web,spend,28217,9373,9490,9354,54,123,86,0.6713858956577403,1.5218345626975762,1.087702587128501,0.8504486670399312,0.2312706872482868,0.3971673708607789,1.3037299632190833,0.0002357278674729,0.4163166914708058,0.1998896128300874,0.0245410459083476,0.808092337033264,0.0372755683897601,0.4341319755691253,0.2512326903394603,-0.0582740481886033,0.926537999326854,0.0839868780302502,dollars ($)
channel,Multichannel,visit,7762,2606,2577,2579,18,44,36,12.85495011511895,21.14862242918121,17.5649476541295,8.29367231406206,1.03817745775267,6.25888602396513,10.32845860415898,1.3638607838079281e-15,4.70999753901043,0.99603342549782,2.75781186637171,6.662183211649141,2.2590133888474456e-06,3.58367477505162,1.0997689361113,1.42817165103091,5.73917789907233,0.0011197499198299,percentage points (pp)
channel,Multichannel,conversion,7762,2606,2577,2579,18,44,36,0.69071373752877,1.70741171905316,1.39588987979837,1.01669798152435,0.30251775539068,0.4237752816688199,1.60962068137988,0.0007772051201381,0.7051761422695699,0.28240575359009,0.15167216146313,1.25868012307601,0.0125237731465285,0.31152183925478,0.34436350646567,-0.36341685887769,0.98646053738725,0.3656610050532125,percentage points (pp)
channel,Multichannel,spend,7762,2606,2577,2579,18,44,36,0.6157405986185724,1.824870003880481,1.7732764637456375,1.2091294052618735,0.4174671522555269,0.3909104855271311,2.027348324996616,0.0037753563520206,1.1575358651270358,0.458594090299929,0.258709791902787,2.056361938351285,0.0115995990848326,0.0515935401348379,0.5559908662683788,-1.0381263181165337,1.1413133983862096,0.9260658978879251,dollars ($)
zip_code,Suburban,visit,28776,9625,9501,9650,48,118,73,9.9012987012987,17.33501736659299,14.78756476683937,7.43371866529471,0.49352025060228,6.4664387149242595,8.400998615665161,2.8516122365104203e-51,4.886266065540481,0.47255701363222,3.96007322110186,5.812458909979091,4.642653179573902e-25,2.54745259975423,0.53053146046859,1.50763215849419,3.5872730410142597,1.573247346096056e-06,percentage points (pp)
zip_code,Suburban,conversion,28776,9625,9501,9650,48,118,73,0.49870129870129,1.24197452899694,0.7564766839378201,0.74327323029569,0.13442079828491,0.47981384248918,1.0067326181021998,3.2123433611713316e-08,0.25777538523651,0.11374529611947,0.03483915465418,0.48071161581884,0.0234360228171211,0.48549784505918,0.14385358767343,0.20355056736274,0.76744512275561,0.0007383063361757,percentage points (pp)
zip_code,Suburban,spend,28776,9625,9501,9650,48,118,73,0.669442077922078,1.4732901799810545,0.8466134715025907,0.8038481020590293,0.2294507889062065,0.3541337338344208,1.253562470283638,0.0004594327034894,0.1771713935805052,0.1891757061487424,-0.1936054234427839,0.5479482106037945,0.348993112090083,0.6266767084785241,0.2365449950173863,0.1630579800442475,1.0902954369128006,0.0080660661501249,dollars ($)
zip_code,Rural,visit,9563,3139,3243,3181,26,44,37,15.35520866517999,22.695035460992894,18.2646966362779,7.33982679581281,0.97757435069831,5.42382017141814,9.25583342020748,5.994444378541233e-14,2.9094879710978403,0.94017499099921,1.06678259573902,4.75219334645665,0.0019706262642826,4.43033882471497,1.00545021252419,2.45969662617604,6.40098102325389,1.0513994041095486e-05,percentage points (pp)
zip_code,Rural,conversion,9563,3139,3243,3181,26,44,37,0.82828926409684,1.35676842429848,1.16315624017604,0.52847916020163,0.25976879628821,0.01934271022859,1.03761561017467,0.0419091407636348,0.3348669760791899,0.24969645743538,-0.15452809263586,0.8242620447942399,0.1798892133003971,0.19361218412244,0.27831245615874,-0.35186909745045,0.73909346569534,0.4866387633613724,percentage points (pp)
zip_code,Rural,spend,9563,3139,3243,3181,26,44,37,0.7671360305829882,1.52263644773358,1.2819773656082991,0.7555004171505786,0.3595347201600227,0.0508267470257404,1.4601740872754168,0.0356121730522762,0.5148413350252989,0.3237221870658313,-0.1196412027362476,1.1493238727868456,0.1117491456813069,0.2406590821252796,0.4072132683488534,-0.5574626353077392,1.0387807995582985,0.554526935904019,dollars ($)
zip_code,Urban,visit,25661,8542,8563,8556,48,105,79,9.68157340201358,17.64568492350811,14.37587657784011,7.964111521494489,0.5216684263699001,6.941662272546529,8.98656077044246,1.2762653891526505e-52,4.69430317582644,0.4962779114283199,3.72161832054337,5.6669880311095095,3.1083981886634177e-21,3.26980834566805,0.5600414854689201,2.1721494358083597,4.36746725552773,5.266942168966474e-09,percentage points (pp)
zip_code,Urban,conversion,25661,8542,8563,8556,48,105,79,0.56192929056427,1.2262057690061798,0.92332865825151,0.66427647844191,0.1438420045931299,0.38235190311955,0.94620105376428,3.8727329708453805e-06,0.36139936768724,0.13129144610298,0.10407338498323,0.61872535039125,0.0059115101548291,0.30287711075467,0.15761338545782,-0.0060388202072503,0.61179304171659,0.0546503330305648,percentage points (pp)
zip_code,Urban,spend,25661,8542,8563,8556,48,105,79,0.5920053851557012,1.328512203666939,1.2611407199625992,0.7365068185112322,0.2171169496730071,0.3109662818301252,1.1620473551923394,0.0006933066213936,0.6691353348068864,0.2147467784001739,0.2482402390136813,1.0900304306000914,0.0018336751509884,0.0673714837043458,0.2554848615156933,-0.4333686254719524,0.5681115928806442,0.7920107163154246,dollars ($)
history_bracket,2) $64.66-$158.11,visit,15999,5438,5284,5277,26,43,32,8.38543582199338,15.46177138531415,12.98086033731286,7.07633556332129,0.6235281959139299,5.85424524045782,8.29842588618477,7.513403560839859e-30,4.59542451531966,0.59620575825121,3.42688507737761,5.76396395326172,1.2802234320027656e-14,2.48091104800162,0.6794145402185899,1.14928572575478,3.81253637024847,0.0002606699807927,percentage points (pp)
history_bracket,2) $64.66-$158.11,conversion,15999,5438,5284,5277,26,43,32,0.47811695476278,0.8137774413323201,0.6064051544438099,0.33566048656956,0.15503086429775,0.03180619378053,0.6395147793585899,0.0303784662723525,0.12828819968103,0.14205439055493,-0.15013272363101,0.40670912299308,0.3664770097154588,0.20737228688853,0.16342386659268,-0.11293195467846,0.5276765284555199,0.2044685635457026,percentage points (pp)
history_bracket,2) $64.66-$158.11,spend,15999,5438,5284,5277,26,43,32,0.4937789628539905,0.8932021196063589,0.6917263596740572,0.3994231567523951,0.2200897332491448,-0.0319439168265988,0.8307902303313891,0.0695516407399514,0.1979473968200716,0.1897049386261839,-0.1738666946897037,0.5697614883298472,0.2967404668216393,0.2014757599323234,0.24188606246754,-0.2726112470615563,0.6755627669262033,0.4048804738163691,dollars ($)
history_bracket,4) $325.66+,visit,16000,5321,5315,5364,45,99,66,13.66284532982522,22.5964252116651,18.6428038777032,8.93357988183974,0.74227618770769,7.47874824498018,10.38841151869931,2.3155058532038417e-33,4.9799585478780095,0.71037938061811,3.5876433770417298,6.37227371871428,2.3784121642555743e-12,3.95362133396173,0.78234684891273,2.42025280396672,5.4869898639567305,4.336947396852312e-07,percentage points (pp)
history_bracket,4) $325.66+,conversion,16000,5321,5315,5364,45,99,66,0.8457056944183401,1.862652869238,1.23042505592841,1.01694717481964,0.22398801493136,0.5779396250747599,1.45595472456452,5.620471308446417e-06,0.38471936151007,0.19603578215696,0.000497069913713,0.7689416531064199,0.0497048114387455,0.63222781330957,0.23889362670981,0.1640058607033999,1.1004497659157402,0.008133370246328,percentage points (pp)
history_bracket,4) $325.66+,spend,16000,5321,5315,5364,45,99,66,0.8386769404247323,2.2328447789275634,1.4319183445190156,1.3941678385028102,0.3513492081690646,0.7055374444597704,2.08279823254585,7.246606325490066e-05,0.5932414040942865,0.2943645440182006,0.016298672400374,1.1701841357881988,0.0438701875777086,0.8009264344085237,0.3932635548319233,0.0301455974801473,1.5717072713369,0.0416886436098793,dollars ($)
history_bracket,3) $158.11-$325.66,visit,15999,5270,5303,5426,32,77,46,11.99240986717267,19.781255892890808,15.904902322152587,7.78884602571857,0.70688824227808,6.40337334638322,9.17431870505393,3.112117507313226e-28,3.9124924549798,0.6685355408109199,2.60218953641203,5.22279537354757,4.847255350739634e-09,3.87635357073877,0.7388766016909499,2.4281849864885596,5.32452215498897,1.5520093837789652e-07,percentage points (pp)
history_bracket,3) $158.11-$325.66,conversion,15999,5270,5303,5426,32,77,46,0.60721062618595,1.45200829719026,0.84776999631404,0.84479767100436,0.19608645753357,0.46047605769686,1.22911928431185,1.6452026508072753e-05,0.24055937012807,0.16417636464253,-0.08121973751669,0.56233847777285,0.1428528025821798,0.6042383008762799,0.2061333601322,0.20022516035157,1.00825144140099,0.0033754883865306,percentage points (pp)
history_bracket,3) $158.11-$325.66,spend,15999,5270,5303,5426,32,77,46,0.7682106261859583,1.423492362813502,0.9203409509767786,0.6552817366275825,0.2914202254509677,0.0841097515527037,1.2264537217024611,0.0245392199737851,0.152130324790815,0.2545909000974008,-0.3468576557640866,0.6511183053457168,0.550141460863429,0.5031514118367675,0.2841440213296902,-0.0537595042085721,1.060062327882107,0.0766003013408826,dollars ($)
history_bracket,1) $29.99-$64.66,visit,16002,5277,5405,5320,19,48,45,8.470722001137009,15.30064754856614,12.96992481203007,6.829925547428729,0.62196326705587,5.61090242252989,8.04894867232756,4.70441518347818e-28,4.499202810892959,0.59936230826221,3.3244766611913503,5.67392896059458,6.065982447706089e-14,2.33072273653576,0.67239397390626,1.01285744343844,3.64858802963308,0.0005276639181498,percentage points (pp)
history_bracket,1) $29.99-$64.66,conversion,16002,5277,5405,5320,19,48,45,0.36005306045101,0.8880666049953699,0.8458646616541299,0.5280135445443199,0.1519593782730799,0.2301792415042,0.82584784758444,0.0005114212860991,0.48581160120311,0.15024055483394,0.19134612335077,0.7802770790554401,0.0012225835669007,0.0422019433412099,0.17905789149601,-0.30874436167531,0.39314824835775,0.8136741450885845,percentage points (pp)
history_bracket,1) $29.99-$64.66,spend,16002,5277,5405,5320,19,48,45,0.5139454235361001,1.1425827937095283,1.2618966165413537,0.6286373701733873,0.2849193810220152,0.0702067801454784,1.187067960201296,0.0273581540067869,0.7479511930052362,0.2914823792862041,0.1766573888994476,1.3192449971110247,0.0102871290715199,-0.1193138228318488,0.336650891313452,-0.7791361037705623,0.5405084581068645,0.7230285688119463,dollars ($)
recency_bracket,10-12m,visit,13401,4403,4477,4521,13,43,32,7.90370202134908,14.94304221576949,12.25392612253926,7.039340194420269,0.67038728191749,5.725407937353251,8.353272451487289,8.600728034221035e-26,4.35022410119033,0.63508333496644,3.10548616798949,5.594962034391171,7.392866876511205e-12,2.6891160932299303,0.72246850384837,1.27310672442728,4.10512546203258,0.000197555328272,percentage points (pp)
recency_bracket,10-12m,conversion,13401,4403,4477,4521,13,43,32,0.2952532364297,0.96046459682823,0.70780800707808,0.66521136039851,0.16716973207531,0.3375653723201799,0.99285734847684,6.913092019765817e-05,0.41255477064838,0.14913429535547,0.12025751712346,0.7048520241733,0.0056691023170365,0.2526565897501199,0.19185625246166,-0.12337399082462,0.62868717032488,0.1878702403478509,percentage points (pp)
recency_bracket,10-12m,spend,13401,4403,4477,4521,13,43,32,0.3882398364751306,1.1603216439580075,0.7982459632824596,0.7720818074828601,0.2870895370816542,0.2093977983843012,1.334765816581419,0.0071593135815261,0.4100061268073434,0.2203334718891686,-0.0218386647565515,0.8418509183712384,0.062766269080835,0.3620756806755167,0.3076967254251865,-0.2409975932888318,0.9651489546398654,0.2393036622472117,dollars ($)
recency_bracket,4-6m,visit,14192,4766,4673,4753,26,49,38,10.57490558120016,18.12540124117269,14.622343782873967,7.55049565997192,0.7184766944882199,6.14231007784278,8.95868124210105,7.849382126758808e-26,4.04743820167364,0.67917000124381,2.71629216603581,5.37858423731147,2.53182840853861e-09,3.5030574582982696,0.76189063482456,2.00978228966751,4.99633262692903,4.268768936626504e-06,percentage points (pp)
recency_bracket,4-6m,conversion,14192,4766,4673,4753,26,49,38,0.54553084347461,1.04857693130751,0.7994950557542599,0.50304608783286,0.18330823054025,0.14376928830317,0.8623228873625399,0.0060646834516801,0.25396421227964,0.16757694442061,-0.07447989570699,0.58240832026627,0.1296437872060944,0.24908187555321,0.1972477145723,-0.13751575509991,0.63567950620634,0.2066656908435483,percentage points (pp)
recency_bracket,4-6m,spend,14192,4766,4673,4753,26,49,38,0.5191879983214435,1.0075754333404665,1.1846707342730909,0.4883874350189812,0.2446828013699704,0.0088189316458939,0.9679559383920684,0.045933672128749,0.6654827359516318,0.2835241539215902,0.1097867352314717,1.2211787366717917,0.0189160222169854,-0.1770953009326505,0.3162451199321831,-0.7969230861949321,0.4427324843296311,0.5754836785566282,dollars ($)
recency_bracket,7-9m,visit,14014,4699,4688,4627,16,53,31,8.19323260268142,15.23037542662116,13.5725091852172,7.037142823939389,0.66004593392823,5.74347919527741,8.33080645260138,1.5393354199205402e-26,5.37927658253552,0.64325215762511,4.1185280836766,6.6400250813944295,6.133793435497043e-17,1.65786624140387,0.72742484899091,0.23214263437563,3.08358984843212,0.0226617532364776,percentage points (pp)
recency_bracket,7-9m,conversion,14014,4699,4688,4627,16,53,31,0.34049797829325,1.13054607508532,0.6699805489517999,0.79004809679203,0.17628913935009,0.44452843523142,1.13556775835264,7.410384300627967e-06,0.32948257065853,0.14701562000406,0.04133783607536,0.6176273052417,0.0250170149256851,0.4605655261335,0.1955563626717699,0.07728287755133,0.8438481747156701,0.0185149857657702,percentage points (pp)
recency_bracket,7-9m,spend,14014,4699,4688,4627,16,53,31,0.5759374334964886,1.1810238907849828,0.8754268424465096,0.605086457288469,0.2759957374868376,0.0641458516437668,1.1460270629331712,0.0283523612440078,0.2994894089500064,0.279605819393287,-0.2485268128280603,0.8475056307280732,0.2841186542695433,0.3055970483384626,0.2990663265047462,-0.2805609889577798,0.891755085634705,0.3068580375965555,dollars ($)
recency_bracket,1-3m,visit,22393,7438,7469,7486,67,122,88,13.78058617908039,22.27875217565939,18.18060379374833,8.49816599657865,0.62583970471606,7.271545208923361,9.72478678423395,5.347958593796005e-42,4.40001761466781,0.59878614886438,3.22642071433958,5.57361451499605,2.00850508114769e-13,4.09814838191083,0.65624090828729,2.81194245130406,5.3843543125176,4.241146118818178e-10,percentage points (pp)
recency_bracket,1-3m,conversion,22393,7438,7469,7486,67,122,88,0.90077977951062,1.63341812826348,1.17552765161635,0.7326383487528401,0.18309149397979,0.3737863442122,1.09149035329347,6.29454858053834e-05,0.27474787210572,0.16591328200581,-0.05043552409439,0.59993126830584,0.0977273395270069,0.45789047664711,0.1924588624413599,0.0806788046165399,0.83510214867768,0.0173521302739393,percentage points (pp)
recency_bracket,1-3m,spend,22393,7438,7469,7486,67,122,88,0.9435506856681904,1.9911487481590573,1.3021506812717074,1.0475980624908288,0.2976974362392727,0.4641229953593039,1.6310731296223535,0.0004331724057573,0.3585999956035074,0.2418721293638236,-0.1154597030644122,0.8326596942714272,0.1381803032134558,0.6889980668873212,0.314401840180332,0.0727830362074776,1.3052130975671647,0.0284187488888151,dollars ($)
